Participant,Ex,Hc,Hd,PD,DD,Tr,UT,IT,Gu,LL,SS
A,0.976365743615035,0.977091311616286,0.976668518493884,0.974513863533267,0.974406675910464,0.974501516631957,0.974326433781977,0.97431662009007,0.5,0.944697085918124,0.979900400996982
B,0.968733405606279,0.969435510249321,0.969107745440826,0.967009527862914,0.967247269091372,0.967306461260787,0.967199067873965,0.967230413702403,0.5,0.936933002345937,0.971903338549296
C,0.824077980189372,0.824642342891381,0.824646141693988,0.82471685940062,0.82706635878411,0.827450747678613,0.827491485606475,0.827487852647525,0.5,0.797956212430209,0.826559950225001
D,0.655234214537223,0.655533828720959,0.694793296873685,0.81153763658396,0.881207375357911,0.938495281426595,0.938449540562403,0.938399237207809,0.5,0.639151448471876,0.659124777992708
E,0.634103382458293,0.608821848963501,0.651013111720661,0.756089368807709,0.945524653153445,0.945693954786247,0.945622021270922,0.945586865320031,0.5,0.595640436558333,0.612490128508333
F,0.641115254710276,0.601253245213138,0.638411831394706,0.733069013616847,0.931103582213436,0.931377120013569,0.931126904238166,0.931169784627767,0.5,0.5887240777625,0.60470599758125
G,0.581995029851838,0.57034372362742,0.619496290438303,0.695394519656042,0.867349719683432,0.867712873028156,0.8677634642223,0.867656415327106,0.5,0.560714644625,0.57357162575
H,0.608477046707187,0.531438410993473,0.585739922893977,0.690333319753826,0.888204097010235,0.888434872952822,0.888563822577387,0.888459571008957,0.5,0.52530997984375,0.53437013390625
I,0.518495020989866,0.518554351214388,0.620912285918513,0.69533748953861,0.678042421656091,0.719761562104658,0.719883230852782,0.719627872794509,0.5,0.514159470809375,0.520939156347917
J,0.579619942615732,0.56505679375897,0.573679782775307,0.657500998972354,0.8337402803506,0.836977715651574,0.839156714078405,0.834332156068844,0.5,0.506089923916667,0.5108069976
K,0.563449124069418,0.562765732573015,0.597619843368548,0.685067057539196,0.827029455495674,0.85370988377689,0.85401143017239,0.854082482703047,0.5,0.5052321974375,0.509752663859375
L,0.554326382270937,0.515766936251115,0.540494299510648,0.58108434109467,0.68289834086916,0.680061920157235,0.68510582092228,0.692787999589808,0.5,0.5043873739875,0.508580610704167
M,0.573042692119207,0.575101712817394,0.56747439009079,0.634699989932397,0.833610298691121,0.845675654875213,0.839522684298077,0.833959012241326,0.5,0.501818196625,0.504825559114583
N,0.546466024883644,0.56297326131552,0.583521720151472,0.665584618195897,0.801424210971094,0.807891291592362,0.812094489857065,0.813534878153561,0.5,0.5013852451625,0.50401891285625
O,0.511457149924283,0.604767640236362,0.550802572162865,0.59491141820392,0.764654195738565,0.765010645152256,0.765170944243853,0.765149155873122,0.5,0.499885431154167,0.500184310860417
P,0.499496772216518,0.644245624957238,0.618898045622602,0.537441444645971,0.649820104671552,0.643148161808265,0.656552081239921,0.650336287294182,0.5,0.501560030114583,0.500087694161458
Q,0.500547414907799,0.523702685289061,0.57052606402575,0.638454957154626,0.668548989507373,0.741512911310485,0.741589159651184,0.735291219788137,0.5,0.501580728583333,0.500085352520833
R,0.500421084199619,0.540619664268547,0.558677465231219,0.638374862570972,0.687999933391851,0.710124856254959,0.712924463768884,0.713113187910975,0.5,0.502663951580208,0.500625426659375
S,0.546837583737396,0.597445623013071,0.552993895939036,0.621603300487115,0.801453945384283,0.853855775399654,0.85397498835718,0.80194358691484,0.5,0.50965150671875,0.50533376459375
T,0.544719662202927,0.732398024014654,0.71250933109212,0.580192720426091,0.735969912355616,0.730884991911464,0.733732686513423,0.736260629577208,0.5,0.5484571265,0.537638504375
U,0.567057666057178,0.608409363441911,0.63260008196749,0.721927899955458,0.833658476705143,0.834034328354408,0.834077535279711,0.833943703955782,0.5,0.570779196720833,0.557577211816667
V,0.590039687367029,0.923619504685793,0.891576627690373,0.646312127227465,0.923958841235498,0.908502474901453,0.920746506417618,0.923980752568236,0.5,0.593903192612501,0.57895307311875
W,0.637239980516393,0.738041953238398,0.77224074533624,0.681853265750377,0.752357966171778,0.783295354423526,0.787966819117914,0.789313190953132,0.5,0.641215554134375,0.62234144103125
X,0.791549597440947,0.792235750044933,0.792394530739676,0.792478772978924,0.820303064599394,0.821039040525935,0.821107430248188,0.820812635787794,0.5,0.794957331304168,0.7672054281875
Y,0.945936613158995,0.946374842905495,0.946283346032092,0.944663401683555,0.945574604709716,0.94573964027704,0.945630999510795,0.945607754153575,0.5,0.948530205456249,0.9148549938875
